time_s,reference_position,actual_position
0,0,-0.0002499819
0.001,0,-0.0002499819
0.002,0,-0.0002499819
0.003,0,-0.0002499819
0.004,0,-0.0002499819
0.005,0,-0.0002499819
0.006,0,-0.0002499819
0.007,0,-0.0002499819
0.008,0,-0.0002499819
0.009,0,-0.0002499819
0.01,0,-0.0002499819
0.011,0,-0.0002499819
0.012,0,-0.0002499819
0.013,0,-0.0002499819
0.014,0,-0.0002499819
0.015,0,-0.0002499819
0.016,0,-0.0002499819
0.017,0,-0.0002499819
0.018,0,-0.0002499819
0.019,0,-0.0002499819
0.02,0,-0.0002499819
0.021,0,-0.0002499819
0.022,0,-0.0002499819
0.023,0,-0.0002499819
0.024,0,-0.0002499819
0.025,0,-0.0002499819
0.026,0,-0.0002499819
0.027,0,-0.0002499819
0.028,0,-0.0002499819
0.029,0,-0.0002499819
0.03,0,-0.0002499819
0.031,0,-0.0002499819
0.032,0,-0.0002499819
0.033,0,-0.0002499819
0.034,0,-0.0002499819
0.035,0,-0.0002499819
0.036,0,-0.0002499819
0.037,0,-0.0002499819
0.038,0,-0.0002499819
0.039,0,-0.0002499819
0.04,0,-0.0002499819
0.041,0,-0.0002499819
0.042,0,-0.0002499819
0.043,0,-0.0002499819
0.044,0,-0.0002499819
0.045,0,-0.0002499819
0.046,0,-0.0002499819
0.047,0,-0.0002499819
0.048,0,-0.0002499819
0.049,0,-0.0002499819
0.05,0,-0.0002499819
0.051,0,-0.0002499819
0.052,0,-0.0002499819
0.053,0,-0.0002499819
0.054,0,-0.0002499819
0.055,0,-0.0002499819
0.056,0,-0.0002499819
0.057,0,-0.0002499819
0.058,0,-0.0002499819
0.059,0,-0.0002499819
0.06,0,-0.0002499819
0.061,0,-0.0002499819
0.062,0,-0.0002499819
0.063,0,-0.0002499819
0.064,0,-0.0002499819
0.065,0,-0.0002499819
0.066,0,-0.0002499819
0.067,0,-0.0002499819
0.068,0,-0.0002499819
0.069,0,-0.0002499819
0.07,0,-0.0002499819
0.071,0,-0.0002499819
0.072,0,-0.0002499819
0.073,0,-0.0002499819
0.074,0,-0.0002499819
0.075,0,-0.0002499819
0.076,0,-0.0002499819
0.077,0,-0.0002499819
0.078,0,-0.0002499819
0.079,0,-0.0002499819
0.08,0,-0.0002499819
0.081,0,-0.0002499819
0.082,0,-0.0002499819
0.083,0,-0.0002499819
0.084,0,-0.0002499819
0.085,0,-0.0002499819
0.086,0,-0.0002499819
0.087,0,-0.0002499819
0.088,0,-0.0002499819
0.089,0,-0.0002499819
0.09,0,-0.0002499819
0.091,0,-0.0002499819
0.092,0,-0.0002499819
0.093,0,-0.0002499819
0.094,0,-0.0002499819
0.095,0,-0.0002499819
0.096,0,-0.0002499819
0.097,0,-0.0002499819
0.098,0,-0.0002499819
0.099,0,-0.0002499819
0.1,0,-0.0002499819
0.101,0,-0.0002499819
0.102,0,-0.0002499819
0.103,0,-0.0002499819
0.104,0,-0.0002499819
0.105,0,-0.0002499819
0.106,0,-0.0002499819
0.107,0,-0.0002499819
0.108,0,-0.0002499819
0.109,0,-0.0002499819
0.11,0,-0.0002499819
0.111,0,-0.0002499819
0.112,0,-0.0002499819
0.113,0,-0.0002499819
0.114,0,-0.0002499819
0.115,0,-0.0002499819
0.116,0,-0.0002499819
0.117,0,-0.0002499819
0.118,0,-0.0002499819
0.119,0,-0.0002499819
0.12,0,-0.0002499819
0.121,0,-0.0002499819
0.122,0,-0.0002499819
0.123,0,-0.0002499819
0.124,0,-0.0002499819
0.125,0,-0.0002499819
0.126,0,-0.0002499819
0.127,0,-0.0002499819
0.128,0,-0.0002499819
0.129,0,-0.0002499819
0.13,0,-0.0002499819
0.131,0,-0.0002499819
0.132,0,-0.0002499819
0.133,0,-0.0002499819
0.134,0,-0.0002499819
0.135,0,-0.0002499819
0.136,0,-0.0002499819
0.137,0,-0.0002499819
0.138,0,-0.0002499819
0.139,0,-0.0002499819
0.14,0,-0.0002499819
0.141,0,-0.0002499819
0.142,0,-0.0002499819
0.143,0,-0.0002499819
0.144,0,-0.0002499819
0.145,0,-0.0002499819
0.146,0,-0.0002499819
0.147,0,-0.0002499819
0.148,0,-0.0002499819
0.149,0,-0.0002499819
0.15,0,-0.0002499819
0.151,0,-0.0002499819
0.152,0,-0.0002499819
0.153,0,-0.0002499819
0.154,0,-0.0002499819
0.155,0,-0.0002499819
0.156,0,-0.0002499819
0.157,0,-0.0002499819
0.158,0,-0.0002499819
0.159,0,-0.0002499819
0.16,0,-0.0002499819
0.161,0,-0.0002499819
0.162,0,-0.0002499819
0.163,0,-0.0002499819
0.164,0,-0.0002499819
0.165,0,-0.0002499819
0.166,0,-0.0002499819
0.167,0,-0.0002499819
0.168,0,-0.0002499819
0.169,0,-0.0002499819
0.17,0,-0.0002499819
0.171,0,-0.0002499819
0.172,0,-0.0002499819
0.173,0,-0.0002499819
0.174,0,-0.0002499819
0.175,0,-0.0002499819
0.176,0,-0.0002499819
0.177,0,-0.0002499819
0.178,0,-0.0002499819
0.179,0,-0.0002499819
0.18,0,-0.0002499819
0.181,0,-0.0002499819
0.182,0,-0.0002499819
0.183,0,-0.0002499819
0.184,0,-0.0002499819
0.185,0,-0.0002499819
0.186,0,-0.0002499819
0.187,0,-0.0002499819
0.188,0,-0.0002499819
0.189,0,-0.0002499819
0.19,0,-0.0002499819
0.191,0,-0.0002499819
0.192,0,-0.0002499819
0.193,0,-0.0002499819
0.194,0,-0.0002499819
0.195,0,-0.0002499819
0.196,0,-0.0002499819
0.197,0,-0.0002499819
0.198,0,-0.0002499819
0.199,0,-0.0002499819
0.2,0,-0.0002499819
0.201,0,-0.0002499819
0.202,0,-0.0002499819
0.203,0,-0.0002499819
0.204,0,-0.0002499819
0.205,0,-0.0002499819
0.206,0,-0.0002499819
0.207,0,-0.0002499819
0.208,0,-0.0002499819
0.209,0,-0.0002499819
0.21,0,-0.0002499819
0.211,0,-0.0002499819
0.212,0,-0.0002499819
0.213,0,-0.0002499819
0.214,0,-0.0002499819
0.215,0,-0.0002499819
0.216,0,-0.0002499819
0.217,0,-0.0002499819
0.218,0,-0.0002499819
0.219,0,-0.0002499819
0.22,0,-0.0002499819
0.221,0,-0.0002499819
0.222,0,-0.0002499819
0.223,0,-0.0002499819
0.224,0,-0.0002499819
0.225,0,-0.0002499819
0.226,0,-0.0002499819
0.227,0,-0.0002499819
0.228,0,-0.0002499819
0.229,0,-0.0002499819
0.23,0,-0.0002499819
0.231,0,-0.0002499819
0.232,0,-0.0002499819
0.233,0,-0.0002499819
0.234,0,-0.0002499819
0.235,0,-0.0002499819
0.236,0,-0.0002499819
0.237,0,-0.0002499819
0.238,0,-0.0002499819
0.239,0,-0.0002499819
0.24,0,-0.0002499819
0.241,0,-0.0002499819
0.242,0,-0.0002499819
0.243,0,-0.0002499819
0.244,0,-0.0002499819
0.245,0,-0.0002499819
0.246,0,-0.0002499819
0.247,0,-0.0002499819
0.248,0,-0.0002499819
0.249,0,-0.0002499819
0.25,0,-0.0002499819
0.251,0,-0.0002499819
0.252,0,-0.0002499819
0.253,0,-0.0002499819
0.254,0,-0.0002499819
0.255,0,-0.0002499819
0.256,0,-0.0002499819
0.257,0,-0.0002499819
0.258,0,-0.0002499819
0.259,0,-0.0002499819
0.26,0,-0.0002499819
0.261,0,-0.0002499819
0.262,0,-0.0002499819
0.263,0,-0.0002499819
0.264,0,-0.0002499819
0.265,0,-0.0002499819
0.266,0,-0.0002499819
0.267,0,-0.0002499819
0.268,0,-0.0002499819
0.269,0,-0.0002499819
0.27,0,-0.0002499819
0.271,0,-0.0002499819
0.272,0,-0.0002499819
0.273,0,-0.0002499819
0.274,0,-0.0002499819
0.275,0,-0.0002499819
0.276,0,-0.0002499819
0.277,0,-0.0002499819
0.278,0,-0.0002499819
0.279,0,-0.0002499819
0.28,0,-0.0002499819
0.281,0,-0.0002499819
0.282,0,-0.0002499819
0.283,0,-0.0002499819
0.284,0,-0.0002499819
0.285,0,-0.0002499819
0.286,0,-0.0002499819
0.287,0,-0.0002499819
0.288,0,-0.0002499819
0.289,0,-0.0002499819
0.29,0,-0.0002499819
0.291,0,-0.0002499819
0.292,0,-0.0002499819
0.293,0,-0.0002499819
0.294,0,-0.0002499819
0.295,0,-0.0002499819
0.296,0,-0.0002499819
0.297,0,-0.0002499819
0.298,0,-0.0002499819
0.299,0,-0.0002499819
0.3,0,-0.0002499819
0.301,0,-0.0002499819
0.302,0,-0.0002499819
0.303,0,-0.0002499819
0.304,0,-0.0002499819
0.305,0,-0.0002499819
0.306,0,-0.0002499819
0.307,0,-0.0002499819
0.308,0,-0.0002499819
0.309,0,-0.0002499819
0.31,0,-0.0002499819
0.311,0,-0.0002499819
0.312,0,-0.0002499819
0.313,0,-0.0002499819
0.314,0,-0.0002499819
0.315,0,-0.0002499819
0.316,0,-0.0002499819
0.317,0,-0.0002499819
0.318,0,-0.0002499819
0.319,0,-0.0002499819
0.32,0,-0.0002499819
0.321,0,-0.0002499819
0.322,0,-0.0002499819
0.323,0,-0.0002499819
0.324,0,-0.0002499819
0.325,0,-0.0002499819
0.326,0,-0.0002499819
0.327,0,-0.0002499819
0.328,0,-0.0002499819
0.329,0,-0.0002499819
0.33,0,-0.0002499819
0.331,0,-0.0002499819
0.332,0,-0.0002499819
0.333,0,-0.0002499819
0.334,0,-0.0002499819
0.335,0,-0.0002499819
0.336,0,-0.0002499819
0.337,0,-0.0002499819
0.338,0,-0.0002499819
0.339,0,-0.0002499819
0.34,0,-0.0002499819
0.341,0,-0.0002499819
0.342,0,-0.0002499819
0.343,0,-0.0002499819
0.344,0,-0.0002499819
0.345,0,-0.0002499819
0.346,0,-0.0002499819
0.347,0,-0.0002499819
0.348,0,-0.0002499819
0.349,0,-0.0002499819
0.35,0,-0.0002499819
0.351,0,-0.0002499819
0.352,0,-0.0002499819
0.353,0,-0.0002499819
0.354,0,-0.0002499819
0.355,0,-0.0002499819
0.356,0,-0.0002499819
0.357,0,-0.0002499819
0.358,0,-0.0002499819
0.359,0,-0.0002499819
0.36,0,-0.0002499819
0.361,0,-0.0002499819
0.362,0,-0.0002499819
0.363,0,-0.0002499819
0.364,0,-0.0002499819
0.365,0,-0.0002499819
0.366,0,-0.0002499819
0.367,0,-0.0002499819
0.368,0,-0.0002499819
0.369,0,0
0.37,0,0
0.371,0,0
0.372,0,0
0.373,0,0
0.374,0,0
0.375,0,0
0.376,0,0
0.377,0,0
0.378,0,0
0.379,0,0
0.38,0,0
0.381,0,0
0.382,0,0
0.383,0,0
0.384,0,0
0.385,0,0
0.386,0,0
0.387,0,0
0.388,0,0
0.389,0,0
0.39,0,0
0.391,0,0
0.392,0,0
0.393,0,0
0.394,0,0
0.395,0,0
0.396,0,0
0.397,0,0
0.398,0,0
0.399,0,0
0.4,0,0
0.401,0,0
0.402,0,0
0.403,0,0
0.404,0,0
0.405,0,0
0.406,0,0
0.407,0,0
0.408,0,0
0.409,0,0
0.41,0,0
0.411,0,0
0.412,0,0
0.413,0,0
0.414,0,0
0.415,0,0
0.416,0,0
0.417,0,0
0.418,0,0
0.419,0,0
0.42,0,0
0.421,0,0
0.422,0,0
0.423,0,0
0.424,0,0
0.425,0,0
0.426,0,0
0.427,0,0
0.428,0,0
0.429,0,0
0.43,0,0
0.431,0,0
0.432,0,0
0.433,0,0
0.434,0,0
0.435,0,0
0.436,0,0
0.437,0,0
0.438,0,0
0.439,0,0
0.44,0,0
0.441,0,0
0.442,0,0
0.443,0,0
0.444,0,0
0.445,0,0
0.446,0,0
0.447,0,0
0.448,0,0
0.449,0,0
0.45,0,0
0.451,0,0
0.452,0,0
0.453,0,0
0.454,0,0
0.455,0,0
0.456,0,0
0.457,0,0
0.458,0,0
0.459,0,0
0.46,0,0
0.461,0,0
0.462,0,0
0.463,0,0
0.464,0,0
0.465,0,0
0.466,0,0
0.467,0,0
0.468,0,0
0.469,0,0
0.47,0,0
0.471,0,0
0.472,0,0
0.473,0,0
0.474,0,0
0.475,0,0
0.476,0,0
0.477,0,0
0.478,0,0
0.479,0,0
0.48,0,0
0.481,0,0
0.482,0,0
0.483,0,0
0.484,0,0
0.485,0,0
0.486,0,0
0.487,0,0
0.488,0,0
0.489,0,0
0.49,0,0
0.491,0,0
0.492,0,0
0.493,0,0
0.494,0,0
0.495,0,0
0.496,0,0
0.497,0,0
0.498,0,0
0.499,0,0
0.5,0.5,0
0.501,0.5,0
0.502,0.5,0
0.503,0.5,0
0.504,0.5,0
0.505,0.5,0
0.506,0.5,0
0.507,0.5,0
0.508,0.5,0
0.509,0.5,0
0.51,0.5,0
0.511,0.5,0
0.512,0.5,0
0.513,0.5,0
0.514,0.5,0
0.515,0.5,0.00025
0.516,0.5,0.00025
0.517,0.5,0.0005
0.518,0.5,0.00075
0.519,0.5,0.001
0.52,0.5,0.00175
0.521,0.5,0.00225
0.522,0.5,0.00325
0.523,0.5,0.00425
0.524,0.5,0.00575
0.525,0.5,0.0075
0.526,0.5,0.00925
0.527,0.5,0.0115
0.528,0.5,0.014
0.529,0.5,0.01675
0.53,0.5,0.02
0.531,0.5,0.02325
0.532,0.5,0.02675
0.533,0.5,0.0305
0.534,0.5,0.0345
0.535,0.5,0.03875
0.536,0.5,0.04325
0.537,0.5,0.04775
0.538,0.5,0.0525
0.539,0.5,0.0575
0.54,0.5,0.0625
0.541,0.5,0.06775001
0.542,0.5,0.07300001
0.543,0.5,0.07825001
0.544,0.5,0.08350001
0.545,0.5,0.089
0.546,0.5,0.09450001
0.547,0.5,0.1
0.548,0.5,0.1055
0.549,0.5,0.111
0.55,0.5,0.11675
0.551,0.5,0.12225
0.552,0.5,0.12775
0.553,0.5,0.13325
0.554,0.5,0.13875
0.555,0.5,0.14425
0.556,0.5,0.14975
0.557,0.5,0.155
0.558,0.5,0.1605
0.559,0.5,0.166
0.56,0.5,0.17125
0.561,0.5,0.17675
0.562,0.5,0.182
0.563,0.5,0.18725
0.564,0.5,0.19275
0.565,0.5,0.198
0.566,0.5,0.2035
0.567,0.5,0.20875
0.568,0.5,0.21425
0.569,0.5,0.21975
0.57,0.5,0.22525
0.571,0.5,0.23075
0.572,0.5,0.2365
0.573,0.5,0.242
0.574,0.5,0.24775
0.575,0.5,0.25375
0.576,0.5,0.2595
0.577,0.5,0.2655
0.578,0.5,0.27175
0.579,0.5,0.27775
0.58,0.5,0.28425
0.581,0.5,0.2905
0.582,0.5,0.297
0.583,0.5,0.3035
0.584,0.5,0.31025
0.585,0.5,0.317
0.586,0.5,0.324
0.587,0.5,0.331
0.588,0.5,0.338
0.589,0.5,0.34525
0.59,0.5,0.3525
0.591,0.5,0.35975
0.592,0.5,0.367
0.593,0.5,0.3745
0.594,0.5,0.382
0.595,0.5,0.3895
0.596,0.5,0.397
0.597,0.5,0.4045
0.598,0.5,0.412
0.599,0.5,0.4195
0.6,0.5,0.427
0.601,0.5,0.43425
0.602,0.5,0.4415
0.603,0.5,0.44875
0.604,0.5,0.456
0.605,0.5,0.463
0.606,0.5,0.46975
0.607,0.5,0.4765
0.608,0.5,0.483
0.609,0.5,0.4895
0.61,0.5,0.49575
0.611,0.5,0.5015
0.612,0.5,0.50725
0.613,0.5,0.51275
0.614,0.5,0.518
0.615,0.5,0.52275
0.616,0.5,0.5275
0.617,0.5,0.53175
0.618,0.5,0.53575
0.619,0.5,0.5395
0.62,0.5,0.54275
0.621,0.5,0.546
0.622,0.5,0.5485
0.623,0.5,0.551
0.624,0.5,0.553
0.625,0.5,0.5545
0.626,0.5,0.55575
0.627,0.5,0.55675
0.628,0.5,0.55725
0.629,0.5,0.557
0.63,0.5,0.55675
0.631,0.5,0.55575
0.632,0.5,0.5545
0.633,0.5,0.5527501
0.634,0.5,0.55075
0.635,0.5,0.54825
0.636,0.5,0.54525
0.637,0.5,0.5420001
0.638,0.5,0.53825
0.639,0.5,0.534
0.64,0.5,0.52975
0.641,0.5,0.525
0.642,0.5,0.52
0.643,0.5,0.515
0.644,0.5,0.5095
0.645,0.5,0.50425
0.646,0.5,0.4985
0.647,0.5,0.493
0.648,0.5,0.4875
0.649,0.5,0.482
0.65,0.5,0.4765
0.651,0.5,0.47125
0.652,0.5,0.46625
0.653,0.5,0.4615
0.654,0.5,0.45675
0.655,0.5,0.45275
0.656,0.5,0.44875
0.657,0.5,0.44525
0.658,0.5,0.44225
0.659,0.5,0.43975
0.66,0.5,0.4375
0.661,0.5,0.436
0.662,0.5,0.43475
0.663,0.5,0.43425
0.664,0.5,0.434
0.665,0.5,0.4345
0.666,0.5,0.43525
0.667,0.5,0.4365
0.668,0.5,0.438
0.669,0.5,0.44025
0.67,0.5,0.44275
0.671,0.5,0.4455
0.672,0.5,0.44875
0.673,0.5,0.4525
0.674,0.5,0.45625
0.675,0.5,0.4605
0.676,0.5,0.465
0.677,0.5,0.4695
0.678,0.5,0.47425
0.679,0.5,0.47925
0.68,0.5,0.484
0.681,0.5,0.489
0.682,0.5,0.494
0.683,0.5,0.499
0.684,0.5,0.504
0.685,0.5,0.50875
0.686,0.5,0.5132501
0.687,0.5,0.51775
0.688,0.5,0.522
0.689,0.5,0.52575
0.69,0.5,0.52925
0.691,0.5,0.5325
0.692,0.5,0.5355
0.693,0.5,0.538
0.694,0.5,0.54
0.695,0.5,0.54175
0.696,0.5,0.543
0.697,0.5,0.54375
0.698,0.5,0.544
0.699,0.5,0.544
0.7,0.5,0.5435
0.701,0.5,0.5425
0.702,0.5,0.5412501
0.703,0.5,0.53975
0.704,0.5,0.53775
0.705,0.5,0.53525
0.706,0.5,0.53275
0.707,0.5,0.52975
0.708,0.5,0.5265
0.709,0.5,0.52325
0.71,0.5,0.5195
0.711,0.5,0.5157501
0.712,0.5,0.51175
0.713,0.5,0.5075001
0.714,0.5,0.5035
0.715,0.5,0.49925
0.716,0.5,0.495
0.717,0.5,0.49075
0.718,0.5,0.4865
0.719,0.5,0.4825
0.72,0.5,0.4785
0.721,0.5,0.47475
0.722,0.5,0.471
0.723,0.5,0.46775
0.724,0.5,0.4645
0.725,0.5,0.46175
0.726,0.5,0.45925
0.727,0.5,0.457
0.728,0.5,0.45525
0.729,0.5,0.45375
0.73,0.5,0.4525
0.731,0.5,0.45175
0.732,0.5,0.4515
0.733,0.5,0.4515
0.734,0.5,0.45175
0.735,0.5,0.4525
0.736,0.5,0.4535
0.737,0.5,0.45475
0.738,0.5,0.45625
0.739,0.5,0.45825
0.74,0.5,0.46025
0.741,0.5,0.46275
0.742,0.5,0.46525
0.743,0.5,0.46825
0.744,0.5,0.47125
0.745,0.5,0.4745
0.746,0.5,0.47775
0.747,0.5,0.48125
0.748,0.5,0.48475
0.749,0.5,0.48825
0.75,0.5,0.492
0.751,0.5,0.4955
0.752,0.5,0.49925
0.753,0.5,0.50275
0.754,0.5,0.506
0.755,0.5,0.50925
0.756,0.5,0.5125
0.757,0.5,0.5155
0.758,0.5,0.51825
0.759,0.5,0.52075
0.76,0.5,0.523
0.761,0.5,0.525
0.762,0.5,0.52675
0.763,0.5,0.52825
0.764,0.5,0.5295
0.765,0.5,0.53025
0.766,0.5,0.53075
0.767,0.5,0.531
0.768,0.5,0.531
0.769,0.5,0.5305001
0.77,0.5,0.53
0.771,0.5,0.529
0.772,0.5,0.528
0.773,0.5,0.5265
0.774,0.5,0.525
0.775,0.5,0.523
0.776,0.5,0.521
0.777,0.5,0.5190001
0.778,0.5,0.5165
0.779,0.5,0.514
0.78,0.5,0.5115
0.781,0.5,0.50875
0.782,0.5,0.506
0.783,0.5,0.503
0.784,0.5,0.50025
0.785,0.5,0.49725
0.786,0.5,0.4945
0.787,0.5,0.4915
0.788,0.5,0.48875
0.789,0.5,0.486
0.79,0.5,0.4835
0.791,0.5,0.481
0.792,0.5,0.47875
0.793,0.5,0.4765
0.794,0.5,0.47475
0.795,0.5,0.473
0.796,0.5,0.47125
0.797,0.5,0.47
0.798,0.5,0.469
0.799,0.5,0.46825
0.8,0.5,0.46775
0.801,0.5,0.46725
0.802,0.5,0.46725
0.803,0.5,0.4675
0.804,0.5,0.46775
0.805,0.5,0.4685
0.806,0.5,0.46925
0.807,0.5,0.47
0.808,0.5,0.47125
0.809,0.5,0.4725
0.81,0.5,0.474
0.811,0.5,0.4755
0.812,0.5,0.47725
0.813,0.5,0.47925
0.814,0.5,0.481
0.815,0.5,0.48325
0.816,0.5,0.48525
0.817,0.5,0.4875
0.818,0.5,0.48975
0.819,0.5,0.492
0.82,0.5,0.49425
0.821,0.5,0.4965
0.822,0.5,0.49875
0.823,0.5,0.501
0.824,0.5,0.503
0.825,0.5,0.505
0.826,0.5,0.507
0.827,0.5,0.50875
0.828,0.5,0.5105
0.829,0.5,0.512
0.83,0.5,0.5132501
0.831,0.5,0.5145
0.832,0.5,0.5155
0.833,0.5,0.5165
0.834,0.5,0.517
0.835,0.5,0.5175
0.836,0.5,0.51775
0.837,0.5,0.51775
0.838,0.5,0.51775
0.839,0.5,0.5175
0.84,0.5,0.51725
0.841,0.5,0.51675
0.842,0.5,0.516
0.843,0.5,0.51525
0.844,0.5,0.5145
0.845,0.5,0.5135
0.846,0.5,0.51225
0.847,0.5,0.511
0.848,0.5,0.50975
0.849,0.5,0.5085
0.85,0.5,0.507
0.851,0.5,0.5055
0.852,0.5,0.504
0.853,0.5,0.5025
0.854,0.5,0.501
0.855,0.5,0.49925
0.856,0.5,0.49775
0.857,0.5,0.49625
0.858,0.5,0.49475
0.859,0.5,0.49325
0.86,0.5,0.49175
0.861,0.5,0.49025
0.862,0.5,0.489
0.863,0.5,0.488
0.864,0.5,0.48675
0.865,0.5,0.48575
0.866,0.5,0.485
0.867,0.5,0.48425
0.868,0.5,0.4835
0.869,0.5,0.483
0.87,0.5,0.48275
0.871,0.5,0.4825
0.872,0.5,0.48225
0.873,0.5,0.48225
0.874,0.5,0.4825
0.875,0.5,0.48275
0.876,0.5,0.483
0.877,0.5,0.48325
0.878,0.5,0.48375
0.879,0.5,0.484
0.88,0.5,0.48475
0.881,0.5,0.48525
0.882,0.5,0.486
0.883,0.5,0.48675
0.884,0.5,0.4875
0.885,0.5,0.48825
0.886,0.5,0.48925
0.887,0.5,0.49
0.888,0.5,0.491
0.889,0.5,0.492
0.89,0.5,0.493
0.891,0.5,0.494
0.892,0.5,0.49475
0.893,0.5,0.49575
0.894,0.5,0.49675
0.895,0.5,0.49775
0.896,0.5,0.4985
0.897,0.5,0.4995
0.898,0.5,0.50025
0.899,0.5,0.501
0.9,0.5,0.5017501
0.901,0.5,0.5025
0.902,0.5,0.503
0.903,0.5,0.5035
0.904,0.5,0.504
0.905,0.5,0.5045
0.906,0.5,0.50475
0.907,0.5,0.505
0.908,0.5,0.505
0.909,0.5,0.50525
0.91,0.5,0.50525
0.911,0.5,0.50525
0.912,0.5,0.505
0.913,0.5,0.505
0.914,0.5,0.505
0.915,0.5,0.50475
0.916,0.5,0.50475
0.917,0.5,0.5045
0.918,0.5,0.5045
0.919,0.5,0.50425
0.92,0.5,0.504
0.921,0.5,0.50375
0.922,0.5,0.5035
0.923,0.5,0.50325
0.924,0.5,0.503
0.925,0.5,0.50275
0.926,0.5,0.5025
0.927,0.5,0.502
0.928,0.5,0.5017501
0.929,0.5,0.5015
0.93,0.5,0.501
0.931,0.5,0.50075
0.932,0.5,0.50025
0.933,0.5,0.5
0.934,0.5,0.49975
0.935,0.5,0.49925
0.936,0.5,0.499
0.937,0.5,0.4985
0.938,0.5,0.49825
0.939,0.5,0.498
0.94,0.5,0.49775
0.941,0.5,0.4975
0.942,0.5,0.497
0.943,0.5,0.49675
0.944,0.5,0.49675
0.945,0.5,0.4965
0.946,0.5,0.49625
0.947,0.5,0.496
0.948,0.5,0.496
0.949,0.5,0.49575
0.95,0.5,0.49575
0.951,0.5,0.49575
0.952,0.5,0.49575
0.953,0.5,0.49575
0.954,0.5,0.49575
0.955,0.5,0.49575
0.956,0.5,0.49575
0.957,0.5,0.49575
0.958,0.5,0.49575
0.959,0.5,0.49575
0.96,0.5,0.49575
0.961,0.5,0.49575
0.962,0.5,0.49575
0.963,0.5,0.49575
0.964,0.5,0.49575
0.965,0.5,0.49575
0.966,0.5,0.49575
0.967,0.5,0.49575
0.968,0.5,0.49575
0.969,0.5,0.49575
0.97,0.5,0.49575
0.971,0.5,0.49575
0.972,0.5,0.49575
0.973,0.5,0.49575
0.974,0.5,0.49575
0.975,0.5,0.49575
0.976,0.5,0.49575
0.977,0.5,0.49575
0.978,0.5,0.49575
0.979,0.5,0.49575
0.98,0.5,0.49575
0.981,0.5,0.49575
0.982,0.5,0.49575
0.983,0.5,0.49575
0.984,0.5,0.49575
0.985,0.5,0.49575
0.986,0.5,0.49575
0.987,0.5,0.49575
0.988,0.5,0.49575
0.989,0.5,0.49575
0.99,0.5,0.49575
0.991,0.5,0.49575
0.992,0.5,0.49575
0.993,0.5,0.49575
0.994,0.5,0.49575
0.995,0.5,0.49575
0.996,0.5,0.49575
0.997,0.5,0.49575
0.998,0.5,0.49575
0.999,0.5,0.49575
1,0.5,0.49575
